[
  {
    "term": "SEO",
    "definition": "Search engine optimization is the process of improving the quality and quantity of website traffic to a website or a web page from search engines. SEO targets unpaid traffic rather than direct traffic or paid traffic.",
    "url": "https://en.wikipedia.org/wiki/Search_engine_optimization"
  },
  {
    "term": "API",
    "definition": "An application programming interface, is a computing interface that defines interactions between multiple software intermediaries. It defines the kinds of calls or requests that can be made, how to make them, the data formats that should be used, the conventions to follow, etc",
    "url": "https://en.wikipedia.org/wiki/API"
  },
  {
    "term": "REST",
    "definition": "Stands for Representational State Transfer. This term is usually used in the context of describing an API where requests are made to a URI and a response is given in the form of HTML, XML, JSON, or some other format",
    "url": "https://en.wikipedia.org/wiki/Representational_state_transfer"
  }
]
